name;zip;age;email;taj
Susanne Jamot;1811;93;sjamot0@walmart.com;116564480
Willem Han;6723;82;whan1@goo.ne.jp;518331067
Sayers Cromley;4533;107;scromley2@domainmarket.com;418211235
Vassily Mapstone;6099;42;vmapstone3@irs.gov;722440004
Muffin Grassin;2514;40;mgrassin4@gov.uk;852734359
Enoch Wedderburn;2679;107;ewedderburn5@nps.gov;328122076
Hew Maneylaws;6215;113;hmaneylaws6@walmart.com;702416048
Neel Innot;7625;107;ninnot7@webnode.com;559055609
Rae Fairall;2552;104;rfairall8@quantcast.com;695962710
Catherin Tuting;8480;130;ctuting9@wikispaces.com;828463996
Barbette Brockelsby;2813;77;bbrockelsbya@engadget.com;368061644
Gusella Heavy;7086;128;gheavyb@twitter.com;180151912
Rachel Kryska;7965;22;rkryskac@cisco.com;420863229
Karine Baudichon;5491;112;kbaudichond@blinklist.com;491469290
Jacky Spadoni;5612;62;jspadonie@dagondesign.com;815286967
Maris Seniour;7817;132;mseniourf@hud.gov;159056225
Melinde Rosenbusch;7881;144;mrosenbuschg@wp.com;705755153
Sherri Crimmins;7626;143;scrimminsh@vk.com;458612945
Steve Tropman;7743;83;stropmani@ameblo.jp;715021506
Gray Charopen;1872;70;gcharopenj@wp.com;336147854
Jordon Chaldecott;1434;92;jchaldecottk@utexas.edu;444980691
Benedikta Dono;4336;64;bdonol@blogtalkradio.com;755408253
Klara Yaldren;9548;145;kyaldrenm@amazon.co.jp;968391425
Damien Fulloway;1097;13;dfullowayn@ibm.com;667263714
Dianemarie Molohan;9722;85;dmolohano@xing.com;864042486
Shantee Butte;1668;103;sbuttep@hibu.com;592194152
Ulrika Pengilley;1225;81;upengilleyq@bluehost.com;754572553
Giusto Hardes;4714;129;ghardesr@webnode.com;879710731
Justinian Cranney;8528;96;jcranneys@psu.edu;419784693
Rudy Guillet;6040;99;rguillett@smh.com.au;903868304
Bette-ann Bollis;1097;91;bbollisu@amazon.co.jp;960351825
Kienan Croad;3197;86;kcroadv@ucsd.edu;460983422
Bridget Lowry;7469;59;blowryw@marriott.com;674694848
Gannie Lownes;3977;145;glownesx@cnbc.com;228867048
Zeb Isaacs;7743;46;zisaacsy@washingtonpost.com;279164040
Lenci Rankine;9131;28;lrankinez@sogou.com;331636263
Ally Bywater;3696;131;abywater10@webmd.com;156730600
Jeannine Abarough;8095;44;jabarough11@google.co.jp;673088354
Electra Walder;3997;40;ewalder12@51.la;323778065
Graehme Rableau;6752;45;grableau13@etsy.com;300743796
Druci Elwin;3775;137;delwin14@microsoft.com;785441122
Claudina Sisland;8910;81;csisland15@house.gov;959122142
Michaella Brainsby;6858;37;mbrainsby16@live.com;807838279
Andrus Medforth;6753;20;amedforth17@yale.edu;859282420
Onfre Medlicott;7648;64;omedlicott18@columbia.edu;160609832
Isiahi Lott;2358;51;ilott19@nbcnews.com;211662603
Crystal Clemmensen;2223;117;cclemmensen1a@illinois.edu;646263665
Korry Rosie;7217;78;krosie1b@psu.edu;322075862
Berthe Mould;1515;23;bmould1c@cnn.com;141741051
Hestia Mountford;9859;54;hmountford1d@hhs.gov;435278032
Franklyn Heindl;8988;102;fheindl1e@bandcamp.com;893394240
Annalise Margetson;4739;133;amargetson1f@163.com;314333612
Nertie Dello;7762;117;ndello1g@cafepress.com;339673767
Geri Leahy;5858;122;gleahy1h@ask.com;345590715
Ezequiel Baldassi;3607;24;ebaldassi1i@behance.net;905841688
Pearla Hatliff;2166;27;phatliff1j@disqus.com;631303629
Shea Krook;2294;120;skrook1k@desdev.cn;520276215
Naoma Legerwood;8476;49;nlegerwood1l@pagesperso-orange.fr;623944336
Lamont Carnew;8129;33;lcarnew1m@psu.edu;743952237
Raynard Oppy;8633;96;roppy1n@cargocollective.com;930558664
Nita Dyott;4887;32;ndyott1o@51.la;730095725
Carmelina Perett;5273;16;cperett1p@java.com;726071613
Faunie Feare;3396;39;ffeare1q@biblegateway.com;482576871
Gunter Lingley;2881;141;glingley1r@symantec.com;188587517
Amalie Healeas;2629;112;ahealeas1s@zimbio.com;280882135
Chuck Nield;1397;72;cnield1t@who.int;599915722
Barry Filppetti;3381;86;bfilppetti1u@biglobe.ne.jp;308078560
Ursala Easseby;5849;78;ueasseby1v@xrea.com;343971529
Francesco Packman;4206;148;fpackman1w@opera.com;431226747
Adlai Rillstone;4227;85;arillstone1x@answers.com;247474142
Cassi Geipel;5989;45;cgeipel1y@sourceforge.net;358236978
Gwyneth Busch;6326;79;gbusch1z@go.com;521330271
Laura Rillatt;9350;149;lrillatt20@cornell.edu;460329866
Marsh Mattiacci;9571;121;mmattiacci21@spiegel.de;996234608
Leif Warin;4886;133;lwarin22@dyndns.org;140167352
Billie Cahen;3308;47;bcahen23@4shared.com;288455111
Grayce Menendez;8895;92;gmenendez24@admin.ch;156071341
Annalise Lukehurst;4702;36;alukehurst25@businesswire.com;409432110
Early Bilby;4741;30;ebilby26@blogger.com;527015305
Krissie MacDearmid;6764;43;kmacdearmid27@oracle.com;246537518
Wye Kestian;6629;44;wkestian28@msn.com;838722473
Isak Ellins;4091;131;iellins29@paypal.com;632508003
Armand Wadforth;2335;55;awadforth2a@geocities.com;521074165
Yvette Burdoun;2109;98;yburdoun2b@livejournal.com;926063893
Henderson Burrell;4646;53;hburrell2c@unesco.org;476960883
Ginnie Causey;9321;42;gcausey2d@blogs.com;548798026
Beulah Want;3997;51;bwant2e@usa.gov;946939232
Siusan Pearcehouse;4605;34;spearcehouse2f@purevolume.com;560471134
Isa Medmore;6237;55;imedmore2g@biblegateway.com;979097226
Penelope Ruske;2431;15;pruske2h@miitbeian.gov.cn;651317569
Bobine Miners;2062;85;bminers2i@homestead.com;555418580
Rebbecca Gerasch;2561;104;rgerasch2j@unc.edu;682119706
Therine Bliven;6070;20;tbliven2k@moonfruit.com;524741553
Shurwood Limon;9752;147;slimon2l@infoseek.co.jp;426709852
Skipp Werrit;9046;20;swerrit2m@toplist.cz;885829404
Gusella Bompas;6164;137;gbompas2n@msu.edu;126704659
Decca Durbin;1222;29;ddurbin2o@indiatimes.com;128642529
Alexandro Wicken;2407;88;awicken2p@apple.com;394003550
Birk Plumbley;5387;87;bplumbley2q@youku.com;833304385
Nickolas Smithers;2886;93;nsmithers2r@live.com;189197856
Archaimbaud Letertre;8502;28;aletertre2s@tuttocitta.it;328383432
Thatcher Ragborne;7181;60;tragborne2t@msu.edu;878900852
Ellerey Zaczek;4946;131;ezaczek2u@clickbank.net;565660512
Auroora Ridge;9019;31;aridge2v@last.fm;340157133
Shamus Rubie;3872;44;srubie2w@nasa.gov;561929448
Roderic Sicely;7601;78;rsicely2x@unesco.org;774087520
Staford Connew;8436;130;sconnew2y@dmoz.org;155391793
Arabel Tilliard;1386;117;atilliard2z@pinterest.com;632428145
Lemmy Yegorkin;2140;121;lyegorkin30@ow.ly;235388498
Fianna Biddiss;8274;96;fbiddiss31@chron.com;517542805
Ealasaid Klyner;8839;11;eklyner32@4shared.com;217725670
Aida Muino;2625;44;amuino33@wikia.com;708466595
Caritta Alliberton;8405;120;calliberton34@bluehost.com;517671324
Valida Haburne;6920;78;vhaburne35@blogs.com;356133100
Rayner Lesek;3175;73;rlesek36@kickstarter.com;307857291
Doe Cleyne;2353;107;dcleyne37@bloomberg.com;200271422
Kailey Crayker;3734;111;kcrayker38@ow.ly;111898703
Agnesse Ewing;8790;124;aewing39@apache.org;533393223
Kristal Mielnik;1177;143;kmielnik3a@pen.io;112000283
Burg Bogays;3343;137;bbogays3b@bing.com;104627616
Armin Windress;9883;135;awindress3c@apple.com;141808128
Floris Bruinsma;3345;126;fbruinsma3d@w3.org;279656494
Etan Moy;4125;119;emoy3e@canalblog.com;625787430
Vinny Tripet;6594;87;vtripet3f@google.de;885656721
Ambrosi McLanachan;3188;18;amclanachan3g@bizjournals.com;449854984
Helena Serjent;4090;113;hserjent3h@zimbio.com;262717466
Gwenore Ciobotaro;1867;41;gciobotaro3i@msn.com;506952687
Trix Marrows;4028;106;tmarrows3j@parallels.com;629575630
Malynda Milmore;6690;140;mmilmore3k@tamu.edu;909895356
Jo ann Ainsworth;8097;56;jann3l@thetimes.co.uk;337210867
Candi Preddle;1775;67;cpreddle3m@java.com;380600909
Jeanine Rubenov;1048;99;jrubenov3n@oakley.com;529286449
Vivi Dixcee;2128;37;vdixcee3o@dailymail.co.uk;155198306
Calli McKague;8808;86;cmckague3p@nih.gov;295414347
Earlie Gandar;5913;50;egandar3q@whitehouse.gov;537193254
Maurie Houlton;9295;20;mhoulton3r@baidu.com;682535698
Craggy Manicomb;4961;73;cmanicomb3s@list-manage.com;343298931
Jamima Forsaith;8945;67;jforsaith3t@people.com.cn;371498462
Leif Edmans;8368;67;ledmans3u@cmu.edu;764921119
Darleen Batistelli;1271;42;dbatistelli3v@360.cn;402137189
Jori Casley;2516;79;jcasley3w@blogger.com;666650118
Bessie Larwell;9747;139;blarwell3x@arstechnica.com;613764968
Mattias Franc;7590;143;mfranc3y@cargocollective.com;519924329
Aidan Cartmael;6900;38;acartmael3z@miitbeian.gov.cn;456808402
Vivia de Banke;9780;147;vde40@un.org;717887768
Gwenette Ludron;3251;107;gludron41@posterous.com;524242857
Illa Polkinghorne;7153;117;ipolkinghorne42@xrea.com;250105667
Krysta Blythe;7327;90;kblythe43@nifty.com;677373828
Conroy Meddows;7275;65;cmeddows44@discovery.com;160095974
Stella Tremberth;7330;39;stremberth45@ycombinator.com;914053919
Daisey Menlove;9198;58;dmenlove46@google.cn;796648944
Yanaton Ikins;3766;15;yikins47@comsenz.com;761109942
Ephrayim Giabuzzi;6200;101;egiabuzzi48@ebay.com;908733218
Earl Hoffmann;7251;72;ehoffmann49@dagondesign.com;559857804
Desmund Dwelly;3696;47;ddwelly4a@imdb.com;912489371
Lenette Balshaw;4818;126;lbalshaw4b@parallels.com;866521761
Ailene Montilla;9153;99;amontilla4c@newsvine.com;401617736
Sib Arkill;3663;32;sarkill4d@weibo.com;320589600
Mara Bulgen;7970;142;mbulgen4e@people.com.cn;679277530
Meryl Coda;9153;82;mcoda4f@cmu.edu;250980717
Virgie Fforde;5610;35;vfforde4g@ow.ly;669573086
Staford O'Curran;1026;81;socurran4h@diigo.com;606863365
Leone Verrier;1093;16;lverrier4i@hud.gov;606648618
Marion Dougharty;2319;131;mdougharty4j@simplemachines.org;479431934
Amabelle Stallan;9193;24;astallan4k@ftc.gov;324034420
Susana Tunno;3281;147;stunno4l@aol.com;907040801
Fanny Rickardes;1305;144;frickardes4m@bravesites.com;962396993
Stirling Gowthorpe;7240;131;sgowthorpe4n@prlog.org;216086066
Northrop Albery;6385;124;nalbery4o@epa.gov;787815686
Annmaria Ranald;5401;86;aranald4p@mac.com;506182304
Mureil Oyley;7050;49;moyley4q@yale.edu;919095780
Jobi Akess;3556;108;jakess4r@drupal.org;197397646
Pepi Brantl;9721;61;pbrantl4s@census.gov;786326381
Katrinka Glasscott;4107;54;kglasscott4t@prweb.com;720289425
Ettie Kefford;1155;61;ekefford4u@seesaa.net;256041313
Gennifer Danzig;3513;28;gdanzig4v@usatoday.com;714712239
Akim Polleye;6718;137;apolleye4w@ning.com;276399141
Tammie Semorad;6687;95;tsemorad4x@bluehost.com;988876565
Jayme Rigler;2614;138;jrigler4y@exblog.jp;711467778
Lisle Provis;7621;132;lprovis4z@europa.eu;833387588
Fiann Olin;5664;12;folin50@intel.com;393461189
Brade Bettley;9268;30;bbettley51@ycombinator.com;698524455
Aloin Jamieson;7479;62;ajamieson52@google.ca;602258249
Ilaire Ruperti;1917;87;iruperti53@sohu.com;823661215
Ddene Gilhespy;1618;81;dgilhespy54@scientificamerican.com;485028056
Todd Shreeves;7244;53;tshreeves55@cloudflare.com;927691290
Josselyn Casterton;6925;97;jcasterton56@t.co;622809359
Justus Slocumb;2732;35;jslocumb57@dyndns.org;506103696
Libbey Fricker;6618;88;lfricker58@marriott.com;716912764
Zora O'Kielt;6573;13;zokielt59@reddit.com;668241916
Ivy Cumpton;8733;77;icumpton5a@blogs.com;466060768
Skylar Hillatt;4008;77;shillatt5b@reverbnation.com;643225870
Garrot Padfield;9148;133;gpadfield5c@discuz.net;954030311
Fee Schultheiss;8770;32;fschultheiss5d@nps.gov;253680757
Timmi Batchley;2273;90;tbatchley5e@about.com;234839947
Marco Braddon;5840;86;mbraddon5f@mail.ru;317502543
Inigo Bamford;2567;107;ibamford5g@slideshare.net;209321174
Phyllis Antonioni;7968;51;pantonioni5h@ask.com;847685158
Davy Crawshay;3005;53;dcrawshay5i@cafepress.com;619722104
Priscella Elland;3980;113;pelland5j@posterous.com;866738334
Crysta MacNish;8892;24;cmacnish5k@cloudflare.com;425380923
Janot Silverston;7112;82;jsilverston5l@msn.com;852447182
Teodor Mallard;6481;143;tmallard5m@moonfruit.com;813138798
Emmaline Chstney;2533;94;echstney5n@slate.com;855047267
Syman Lewing;3327;26;slewing5o@facebook.com;183239073
Helenelizabeth Cattanach;3649;129;hcattanach5p@freewebs.com;771658271
Papagena Conor;1202;128;pconor5q@apple.com;447197632
Wallas Queenborough;5727;62;wqueenborough5r@newyorker.com;931505019
Yehudit Gianettini;9945;102;ygianettini5s@microsoft.com;466186917
Thorpe Covelle;4288;32;tcovelle5t@mozilla.com;840630754
Cherry Kingston;9962;11;ckingston5u@ning.com;975021950
Alena Robardet;6662;113;arobardet5v@ox.ac.uk;311471449
Thurstan Menure;3992;97;tmenure5w@sakura.ne.jp;630887072
Aurelie Di Franceschi;1900;78;adi5x@ibm.com;177952053
Bridie Bradlaugh;2571;131;bbradlaugh5y@usnews.com;854611659
Agretha Guislin;1210;57;aguislin5z@icio.us;233644765
Ellene Cowern;3583;29;ecowern60@mit.edu;389927247
Leona Redhills;5429;49;lredhills61@intel.com;709883401
Borden Husset;2432;103;bhusset62@dot.gov;665313614
Reena Gregan;4309;44;rgregan63@yellowpages.com;456106055
Pammy Vidgen;6622;59;pvidgen64@alibaba.com;372436964
Trude Pendrey;6103;92;tpendrey65@parallels.com;413301780
Cass Barkes;4836;81;cbarkes66@bizjournals.com;719633935
Oralie Knoble;7876;117;oknoble67@usatoday.com;946513532
Antonina Goning;9393;107;agoning68@ed.gov;469968345
Sande McGairl;4423;106;smcgairl69@imgur.com;815421856
Ardelle Pottage;8252;82;apottage6a@theglobeandmail.com;350330848
Roseanne Satterfitt;9956;24;rsatterfitt6b@xinhuanet.com;746402163
Franni Vernay;4405;63;fvernay6c@nytimes.com;454862948
Annabella Cunnow;4918;120;acunnow6d@gravatar.com;575351166
Celle Gaynesford;2049;122;cgaynesford6e@cbc.ca;943119087
Lula Tarte;4411;29;ltarte6f@wikimedia.org;678394755
Hatty Scattergood;4452;131;hscattergood6g@cnet.com;546312901
Bartholomew Bonnavant;6981;24;bbonnavant6h@comsenz.com;434600646
Paula Burgoin;1053;137;pburgoin6i@google.cn;571950934
Cordelia Houlison;3148;103;choulison6j@uol.com.br;447133634
Doris Butt;6398;61;dbutt6k@go.com;661262873
Othello Klishin;6762;110;oklishin6l@nba.com;353510452
Herschel Rudolfer;9303;144;hrudolfer6m@youtube.com;881594386
Alisa Joanaud;1112;106;ajoanaud6n@salon.com;653854590
Nicole Gatesman;4458;133;ngatesman6o@4shared.com;730977491
Abigale Gonneau;4840;144;agonneau6p@ted.com;813949945
Leela Wanek;2844;109;lwanek6q@ehow.com;350280462
Abbey Lilburn;5350;88;alilburn6r@bbb.org;321094294
Brandtr Gallehawk;3367;81;bgallehawk6s@liveinternet.ru;350091935
Ravi Tudge;9109;47;rtudge6t@woothemes.com;162839552
Egan Rudolph;4930;109;erudolph6u@ucsd.edu;230833554
Menard Bleasby;9872;42;mbleasby6v@gmpg.org;962005872
Ashlen Bonellie;9462;38;abonellie6w@va.gov;997735321
Vinny Sevin;6781;82;vsevin6x@live.com;646748055
Dorry McManamen;1725;20;dmcmanamen6y@comsenz.com;232094476
Vincenz Surgey;2788;146;vsurgey6z@slate.com;679017913
Morgan Anstee;8848;30;manstee70@eepurl.com;586441043
Tyrone Wagerfield;1117;93;twagerfield71@exblog.jp;925950429
Ceil Bryson;9865;115;cbryson72@dmoz.org;733806814
Oswell Lulham;9120;36;olulham73@symantec.com;303634380
Oswell Iliffe;3832;36;oiliffe74@cisco.com;780440033
Riva Bilton;9926;35;rbilton75@free.fr;189874858
Dominique Timmons;6271;59;dtimmons76@furl.net;432212176
Neysa Kilday;7840;52;nkilday77@alibaba.com;230428850
Taite Iorizzo;7980;122;tiorizzo78@hc360.com;862930490
Dinnie MacRitchie;9268;144;dmacritchie79@bluehost.com;871705199
Amelita Sailer;2609;99;asailer7a@pinterest.com;452231485
Rani Dowsett;2486;48;rdowsett7b@bloomberg.com;866464854
Barney Hryncewicz;4901;116;bhryncewicz7c@virginia.edu;490882998
Carlin MacGiolla;5476;77;cmacgiolla7d@redcross.org;856094758
Nonie Gwinnell;5432;51;ngwinnell7e@baidu.com;151369343
Adey Caffrey;3966;123;acaffrey7f@youtube.com;868802528
Brendan Brandreth;3765;12;bbrandreth7g@narod.ru;809221245
Kristyn Loudiane;7915;95;kloudiane7h@statcounter.com;929914433
Terencio Paszak;5312;112;tpaszak7i@wunderground.com;239707704
Fancy MacCleod;5742;16;fmaccleod7j@state.tx.us;287354778
Ailyn Cutriss;8458;141;acutriss7k@miibeian.gov.cn;569774926
Waneta Jessope;6987;52;wjessope7l@t-online.de;907553748
Sonnie Forton;7255;147;sforton7m@e-recht24.de;576583825
Chas Coyish;8616;143;ccoyish7n@mozilla.com;224124786
Suzanne Jocic;8041;70;sjocic7o@weather.com;606033353
Lorens Standing;9592;134;lstanding7p@virginia.edu;130901754
Mason Scarffe;6025;142;mscarffe7q@51.la;221343770
Timotheus Glanester;1409;118;tglanester7r@washington.edu;333733384
Floria Cicetti;3374;46;fcicetti7s@xing.com;239258195
Danica Hellyer;6619;133;dhellyer7t@arizona.edu;138881719
Winny Shieber;7670;66;wshieber7u@opera.com;173814053
Jami Perham;5440;38;jperham7v@indiatimes.com;121090933
Leland Wimsett;6477;130;lwimsett7w@harvard.edu;739873844
Orson De Morena;2421;37;ode7x@slashdot.org;471870457
Jordanna Gregh;6025;64;jgregh7y@geocities.com;888889256
Griswold Romans;2047;13;gromans7z@people.com.cn;639177364
Tildy Pech;2909;11;tpech80@odnoklassniki.ru;321909004
Fidel Glanert;7137;84;fglanert81@adobe.com;368722659
Arda Gallgher;1497;65;agallgher82@state.tx.us;547778505
Martin Putten;3065;35;mputten83@livejournal.com;668249319
Isidro Dearnley;5981;67;idearnley84@last.fm;554383505
Theressa McMorran;9704;131;tmcmorran85@clickbank.net;491402195
Nananne Gritten;3056;24;ngritten86@nasa.gov;837016148
Hadlee Harce;9413;42;hharce87@elegantthemes.com;311300588
Clerissa Shmyr;5207;102;cshmyr88@seesaa.net;290581719
Enrico Spensly;4474;125;espensly89@indiatimes.com;823493450
Constance McShea;7150;83;cmcshea8a@npr.org;795113414
Cherri Raffels;9744;37;craffels8b@goo.gl;775176167
Shae Martschke;4860;21;smartschke8c@squidoo.com;667227037
Kendal Schwant;8882;40;kschwant8d@blogtalkradio.com;730005541
Ransom Cleife;2449;60;rcleife8e@ow.ly;686298627
Cassie Jamison;1914;93;cjamison8f@digg.com;111358615
Chanda Hornbuckle;1443;137;chornbuckle8g@e-recht24.de;819290316
Genna Bignold;7648;117;gbignold8h@cmu.edu;476757120
Gayelord Tredwell;2468;124;gtredwell8i@wikia.com;737353755
Roxane Sterzaker;6831;82;rsterzaker8j@slate.com;449638281
Phillis Olphert;9012;42;polphert8k@prlog.org;458106132
Titos Minty;1063;70;tminty8l@quantcast.com;406683761
Horatio Reavey;3597;21;hreavey8m@seattletimes.com;913164940
Faber Shoebottom;4122;19;fshoebottom8n@noaa.gov;477867228
Carmen Meech;3623;136;cmeech8o@yahoo.com;420109848
Hewe Spedding;7407;88;hspedding8p@cloudflare.com;544975079
Rheba Straneo;3387;16;rstraneo8q@constantcontact.com;949158207
Mason Aikenhead;3230;149;maikenhead8r@woothemes.com;195802107
Ginni Iuorio;9085;130;giuorio8s@go.com;333102470
Jeffie Wimpress;4598;80;jwimpress8t@geocities.com;802252972
Ari Wemm;3398;44;awemm8u@diigo.com;123195884
Rosabel de Mendoza;5191;128;rde8v@aboutads.info;251473845
Spencer Kellington;2946;74;skellington8w@thetimes.co.uk;190590455
Jeri Bilson;7229;143;jbilson8x@odnoklassniki.ru;538585609
Graham Bartolacci;9971;77;gbartolacci8y@nbcnews.com;822792754
Carly Guerreiro;8382;82;cguerreiro8z@wufoo.com;989294630
Darrick Manuel;9361;24;dmanuel90@spotify.com;756699584
Herold Jeavons;2777;88;hjeavons91@businessweek.com;506138871
Dominique Diddams;2893;68;ddiddams92@paginegialle.it;872956038
Sheila Drogan;3728;23;sdrogan93@ebay.com;176395396
Crawford Buckthorp;1653;140;cbuckthorp94@yahoo.co.jp;558563117
Wilfred Miners;3798;147;wminers95@dailymotion.com;253417241
Sayer Zorzin;5869;92;szorzin96@usatoday.com;309662000
Doralyn Lusted;7541;92;dlusted97@craigslist.org;511167736
Tedda Pleat;8588;32;tpleat98@stumbleupon.com;395668881
Sutherland Lahive;9998;87;slahive99@jimdo.com;778515216
Kennett Peteri;2094;30;kpeteri9a@trellian.com;251284343
Eden Keddie;9672;96;ekeddie9b@feedburner.com;602851675
Karney Joscelyne;2173;47;kjoscelyne9c@weibo.com;765716348
Arly Burgane;5025;139;aburgane9d@narod.ru;400565537
Evangeline Wanden;9423;90;ewanden9e@miitbeian.gov.cn;571454996
Abbey Sommerfeld;9409;89;asommerfeld9f@deliciousdays.com;643564848
Ethelbert Mawer;4997;123;emawer9g@ebay.com;443060911
Eberhard Brownrigg;8790;86;ebrownrigg9h@unblog.fr;375354664
Gan McGilroy;7439;118;gmcgilroy9i@vistaprint.com;954047254
Lem Lawlie;8501;139;llawlie9j@tumblr.com;327640862
Tessie Senchenko;2531;86;tsenchenko9k@livejournal.com;649006657
Karlik Egdale;9772;132;kegdale9l@nyu.edu;121264382
Gwendolen Hunter;5906;24;ghunter9m@nba.com;651914522
Fancy Lawfull;4359;136;flawfull9n@vk.com;527846059
Willamina Addionisio;1869;143;waddionisio9o@vistaprint.com;788954454
Ursola Rampley;1937;139;urampley9p@bloomberg.com;729079618
Gino Hamelyn;9459;117;ghamelyn9q@creativecommons.org;420922151
Christophe Sprigging;3386;98;csprigging9r@imgur.com;356683482
James Benez;4008;53;jbenez9s@utexas.edu;884893671
Tito Lockier;4751;128;tlockier9t@mediafire.com;720055321
Avram Drinnan;7291;67;adrinnan9u@cocolog-nifty.com;337520974
Ashia Caslett;3968;15;acaslett9v@opera.com;361055177
Delmer Picopp;9677;30;dpicopp9w@linkedin.com;908243217
Libby Masterman;9773;131;lmasterman9x@umich.edu;582078616
Robinett Winkworth;3947;36;rwinkworth9y@home.pl;847920864
Nickey Mandifield;1320;112;nmandifield9z@umich.edu;207557631
Trula Merkle;2108;96;tmerklea0@bravesites.com;621146013
Adiana LLelweln;9970;122;allelwelna1@angelfire.com;135890510
Avis Leynton;9003;37;aleyntona2@yahoo.co.jp;310626304
Mathe Bennen;6844;105;mbennena3@simplemachines.org;863492165
Madella Spear;8234;121;mspeara4@ucoz.ru;523221597
Avery Jukubczak;5336;55;ajukubczaka5@blogs.com;705326532
Fionna Vacher;1493;146;fvachera6@apple.com;877671378
Winthrop Righy;7908;105;wrighya7@trellian.com;416284970
Cesaro Strong;3713;52;cstronga8@tripadvisor.com;975863092
Mendel Kynsey;8245;137;mkynseya9@dion.ne.jp;709492098
Anstice Eliyahu;3851;122;aeliyahuaa@chronoengine.com;863929861
Clemens Probet;1907;27;cprobetab@cargocollective.com;782141239
Kim Maffini;2389;77;kmaffiniac@furl.net;152520500
Ardelia Tuting;6989;126;atutingad@github.io;749578780
Marvin Byrnes;9660;79;mbyrnesae@deliciousdays.com;686063771
Archibald Janssens;9121;67;ajanssensaf@sogou.com;352126383
Minne Ragdale;8331;144;mragdaleag@instagram.com;921564338
Cassie Arnall;8129;56;carnallah@sakura.ne.jp;701298357
Nikaniki Mattiassi;5280;128;nmattiassiai@ehow.com;846491623
Guinna Baise;2770;117;gbaiseaj@reverbnation.com;405406063
Jerrie McCory;7743;116;jmccoryak@seesaa.net;485031938
Constancia Currom;7767;17;ccurromal@istockphoto.com;854931952
Darlene Tickel;3905;149;dtickelam@opensource.org;170685543
Madelene Sakins;3269;50;msakinsan@plala.or.jp;900412578
Luelle Huxton;7685;123;lhuxtonao@yahoo.com;881181249
Alister Stailey;2725;97;astaileyap@vimeo.com;902438744
Haze Rocco;2134;137;hroccoaq@guardian.co.uk;523491376
Tamra Keach;9917;27;tkeachar@buzzfeed.com;358099431
Onida Aldhous;5685;91;oaldhousas@tumblr.com;548876656
Falkner Dive;5537;22;fdiveat@bing.com;720379141
Glynis Insoll;9458;105;ginsollau@dagondesign.com;601581953
Austin Jilliss;8109;144;ajillissav@amazon.co.uk;581978440
Harriette Essex;8535;87;hessexaw@google.es;248384640
Henrik Poppy;2148;12;hpoppyax@microsoft.com;847626457
Lanie Filyushkin;1378;123;lfilyushkinay@cnn.com;111587343
Matelda Doerren;3182;99;mdoerrenaz@flickr.com;689184704
Nertie Baily;6589;31;nbailyb0@slideshare.net;130642517
Cherice Geke;1807;13;cgekeb1@discuz.net;281157434
Fremont Teaze;8198;124;fteazeb2@google.nl;540536371
Duffie Balme;6647;90;dbalmeb3@dagondesign.com;538682919
Fredi Kirkby;7135;14;fkirkbyb4@reuters.com;927987209
Lief Sandyfirth;6998;106;lsandyfirthb5@sun.com;544160192
Jsandye Connors;4707;114;jconnorsb6@pbs.org;187866284
Lenka Paulus;5629;60;lpaulusb7@netlog.com;769804744
Bealle Ferrey;9405;76;bferreyb8@weibo.com;265309974
Maryanne Tonkes;8337;27;mtonkesb9@odnoklassniki.ru;312353790
Dominick Morton;9732;78;dmortonba@example.com;973915580
Layla Crichten;4253;100;lcrichtenbb@youku.com;979031739
Pat Lober;1650;145;ploberbc@google.com.au;346237200
Terri Garlette;7829;145;tgarlettebd@topsy.com;244284453
Rosmunda MacMickan;6215;107;rmacmickanbe@sohu.com;364095832
Karly Triplett;9962;51;ktriplettbf@china.com.cn;186856186
Cybill Doorly;7238;24;cdoorlybg@wikimedia.org;825560275
Kaylyn Danielski;8247;109;kdanielskibh@booking.com;583847575
Pierrette Kleinmann;8347;149;pkleinmannbi@nhs.uk;967246126
Clayborn Moulster;9686;54;cmoulsterbj@ebay.com;341257100
Bone Renyard;3245;128;brenyardbk@github.io;497071124
Frannie Tebbitt;4822;106;ftebbittbl@zimbio.com;815262049
Inna Belison;9059;13;ibelisonbm@scientificamerican.com;721171766
Paule Wagerfield;2176;81;pwagerfieldbn@myspace.com;107325842
Wye Naisby;5466;31;wnaisbybo@loc.gov;398082505
Betty Gallamore;8262;52;bgallamorebp@amazon.de;988479857
Albie Klimochkin;4969;65;aklimochkinbq@list-manage.com;320925730
Merola Hansana;2317;63;mhansanabr@mozilla.org;481880280
Bent Rodder;5355;61;brodderbs@auda.org.au;347185411
Shell Serris;9846;107;sserrisbt@tripod.com;200464523
Martin Vinden;1146;91;mvindenbu@istockphoto.com;371643426
Monah Bleue;8674;69;mbleuebv@ow.ly;962919392
Wanids Maunsell;7334;46;wmaunsellbw@goo.ne.jp;347259923
Amelina Vigne;8491;34;avignebx@gnu.org;777641937
Suzy Seers;2760;31;sseersby@unblog.fr;652924376
Shellie Drable;3849;43;sdrablebz@cam.ac.uk;391554859
Vanni Fortoun;2290;13;vfortounc0@i2i.jp;219032459
Fifine Tompion;7974;18;ftompionc1@hud.gov;625815204
Frances Vertigan;3933;69;fvertiganc2@gov.uk;236715854
Jorry Voase;2796;113;jvoasec3@wix.com;769663006
Feodor Corkett;8411;94;fcorkettc4@dedecms.com;577744935
Duff Chung;8723;147;dchungc5@w3.org;511949134
Brooke Cawdell;3774;125;bcawdellc6@china.com.cn;322953217
Waiter Guerra;1303;21;wguerrac7@moonfruit.com;912357994
Pippy Screas;7329;84;pscreasc8@theglobeandmail.com;984312814
Berti Fass;4881;29;bfassc9@ca.gov;529424811
Johnny Oxbrough;2081;62;joxbroughca@delicious.com;813709817
Gan Slainey;6618;111;gslaineycb@sitemeter.com;764963425
Monica Sedgebeer;8641;69;msedgebeercc@ocn.ne.jp;645642770
Vyky Sibun;9070;148;vsibuncd@kickstarter.com;234184411
Bunnie Tilliards;8266;74;btilliardsce@huffingtonpost.com;567595935
Farley Roder;9797;36;frodercf@paypal.com;838265219
Brandise Feckey;3267;130;bfeckeycg@hostgator.com;868664956
Truda Vedeneev;7060;80;tvedeneevch@sitemeter.com;978079591
Marnie Callen;6488;13;mcallenci@bigcartel.com;203349505
Bevon Arnaudon;2916;46;barnaudoncj@constantcontact.com;304073290
Sonja Govinlock;6414;96;sgovinlockck@latimes.com;210372131
Elvera Dossettor;8223;38;edossettorcl@ustream.tv;770404959
Rhody Drakeford;4167;22;rdrakefordcm@bluehost.com;126105622
Babbette Madders;4573;68;bmadderscn@bloglines.com;805524897
Giacobo Troke;7197;137;gtrokeco@list-manage.com;685203894
Phip Horburgh;1584;140;phorburghcp@bbc.co.uk;472721452
Wilfrid Ditter;1393;97;wdittercq@nifty.com;349756177
Pearl Collinette;3834;139;pcollinettecr@yahoo.com;282489850
Georgi Wickendon;5199;53;gwickendoncs@ihg.com;538246154
Sapphire Coldbathe;1511;82;scoldbathect@usgs.gov;672950080
Brandie Connaughton;2058;71;bconnaughtoncu@economist.com;131692764
Grier Bennis;1046;46;gbenniscv@google.com.au;173026648
Mabel Brauninger;5567;112;mbrauningercw@t.co;921967965
Catherin Grzes;3054;88;cgrzescx@icio.us;793024576
Umberto Dunne;3797;101;udunnecy@ameblo.jp;945568373
Palmer Keppin;1970;78;pkeppincz@cnet.com;374379424
Christalle Greedyer;4471;89;cgreedyerd0@reverbnation.com;977481688
Andrea MacDavitt;6926;104;amacdavittd1@sbwire.com;246217438
Court Sneesbie;4561;44;csneesbied2@t.co;669182107
Kendell Marl;4116;146;kmarld3@posterous.com;972167478
Kaye Michurin;3150;149;kmichurind4@gravatar.com;185048527
Phaidra Devote;6584;63;pdevoted5@elegantthemes.com;747419053
Sharleen Walklott;5851;59;swalklottd6@linkedin.com;560975221
Nicolea Senton;9360;142;nsentond7@digg.com;711275199
Gertie D'Elias;6717;102;gdeliasd8@cargocollective.com;997878088
Gabi Harbison;8254;109;gharbisond9@seattletimes.com;612738102
Shanon Patzelt;6615;47;spatzeltda@ask.com;921386191
Whitby Walmsley;5396;132;wwalmsleydb@indiegogo.com;524639988
Rutter Trathan;1159;66;rtrathandc@histats.com;143641507
Fabian Caves;1586;81;fcavesdd@reverbnation.com;537680300
Corilla Jumel;7498;11;cjumelde@rambler.ru;170303789
Chris Evert;5412;101;cevertdf@facebook.com;366476997
Salomi Wheatcroft;9024;52;swheatcroftdg@mail.ru;522283545
Kristen O'Sheils;2488;114;kosheilsdh@biglobe.ne.jp;139936383
Sosanna McArthur;3857;40;smcarthurdi@ning.com;758344047
Hilliard Storrie;5059;64;hstorriedj@studiopress.com;769316455
Kelly Mapstone;5743;73;kmapstonedk@lycos.com;669402079
Celene Worham;8558;87;cworhamdl@issuu.com;690434109
Jaynell Starie;3862;60;jstariedm@wikispaces.com;495387862
Auria Aldiss;2712;133;aaldissdn@cpanel.net;401320521
Milka Selwood;4388;42;mselwooddo@baidu.com;135600884
Marlee Bazylets;5373;36;mbazyletsdp@acquirethisname.com;512318783
Gordan Callaghan;5599;114;gcallaghandq@java.com;350795895
Genny Parman;1828;89;gparmandr@lycos.com;740406026
Josephina Handke;8322;89;jhandkeds@mapy.cz;550549635
Rafaello Josskovitz;1092;30;rjosskovitzdt@woothemes.com;644446724
Moyna Parlet;6091;91;mparletdu@mlb.com;971167625
Krystyna Schuricke;5305;126;kschurickedv@wikispaces.com;759095538
Teodoor Dany;4496;53;tdanydw@google.de;934901944
Virgie Tumilty;5007;101;vtumiltydx@comcast.net;123469927
Coop Klein;2058;122;ckleindy@nytimes.com;426712056
Leilah Dobie;9965;50;ldobiedz@geocities.com;194327027
Mitzi Daouse;9648;98;mdaousee0@gnu.org;502835645
Merv Tatlowe;2282;74;mtatlowee1@amazon.co.uk;863811497
Cathy Flury;6934;110;cflurye2@cisco.com;106942942
Nathalie Ghion;3612;118;nghione3@reuters.com;183249648
Even Winstone;5236;60;ewinstonee4@harvard.edu;258309005
Meggie Nestle;8368;18;mnestlee5@usgs.gov;861721615
Marta Owthwaite;9481;125;mowthwaitee6@quantcast.com;285544853
Amandie Grinyer;9616;100;agrinyere7@bandcamp.com;771565534
Roch Hubbold;7482;116;rhubbolde8@bloomberg.com;257412943
Joscelin Galle;6542;88;jgallee9@ask.com;861261041
Gabriello Kornas;6315;17;gkornasea@vistaprint.com;405928433
Nettie Adriano;6687;90;nadrianoeb@hp.com;188892090
Iain Crossman;8815;99;icrossmanec@digg.com;380477197
Cara Ottawell;3640;87;cottawelled@mozilla.org;630663208
Kiri Bristoe;5259;101;kbristoeee@ibm.com;917420536
Justine Ledward;9758;67;jledwardef@hp.com;532714472
Callean Huntall;8261;120;chuntalleg@behance.net;916975312
Jerrine Lanceter;9131;72;jlancetereh@cmu.edu;659858102
Felice Rennison;9661;40;frennisonei@princeton.edu;381113959
Delmar Hammersley;1015;77;dhammersleyej@nydailynews.com;909556857
Gilberta Pietasch;5417;139;gpietaschek@tiny.cc;165917523
Dulcie Gingedale;5487;40;dgingedaleel@google.com.hk;709713295
Montague Hornbuckle;2785;81;mhornbuckleem@zdnet.com;559579681
Timothea Slot;5815;143;tsloten@businessinsider.com;488721792
Hilde Pygott;5449;140;hpygotteo@weibo.com;549667259
Rhetta Birds;1070;126;rbirdsep@apache.org;256464308
Aarika McEwan;5890;23;amcewaneq@soup.io;543412423
Paloma Crosston;4446;99;pcrosstoner@t.co;769112773
Gertrude Cockarill;6894;33;gcockarilles@woothemes.com;134009529
Darnall Jeavons;2127;85;djeavonset@ed.gov;297925880
Alexi Dahlback;9618;70;adahlbackeu@vinaora.com;976499237
Peirce Reoch;6030;67;preochev@amazonaws.com;538814547
Pascale Elie;2265;122;pelieew@wix.com;759479255
Dreddy Nutkins;9677;75;dnutkinsex@youtu.be;848321263
Worthy Hindge;6930;137;whindgeey@angelfire.com;931988474
Ida Gate;2458;97;igateez@census.gov;833637827
Rebeka Hemms;2775;17;rhemmsf0@house.gov;213802907
Julie Chilver;6010;66;jchilverf1@nyu.edu;672031569
Shawn Baggalley;8889;109;sbaggalleyf2@addtoany.com;808717218
Margalo Mathen;7718;40;mmathenf3@nydailynews.com;646811798
Nolie Treslove;9414;77;ntreslovef4@friendfeed.com;162767745
Tully Lassey;3203;125;tlasseyf5@loc.gov;369649284
Crysta Bartlomiejczyk;5070;60;cbartlomiejczykf6@ft.com;633616699
Bellanca Hencke;6645;35;bhenckef7@squarespace.com;512531214
Faina Brenston;6865;67;fbrenstonf8@hostgator.com;997388626
Else Kingham;5544;104;ekinghamf9@google.cn;536668084
Cathi Pele;6958;100;cpelefa@prlog.org;808471879
Dominica Yourell;1302;128;dyourellfb@google.co.jp;952587300
Boote Dillet;1217;78;bdilletfc@reverbnation.com;975745430
Ramon Hendrickson;5676;120;rhendricksonfd@nsw.gov.au;467102202
Karlie Corbyn;8341;13;kcorbynfe@smh.com.au;425274925
Toby Swindells;9922;118;tswindellsff@bizjournals.com;253982080
Orland Instrell;2672;149;oinstrellfg@dot.gov;732712705
Birdie Keneford;8423;101;bkenefordfh@goo.ne.jp;874100465
Valaree Berthe;6994;138;vberthefi@mysql.com;419067013
Rupert Claypoole;8902;59;rclaypoolefj@netscape.com;763613900
Dunn Ithell;6757;17;dithellfk@spotify.com;889161739
Roslyn Domerc;6499;56;rdomercfl@smugmug.com;175365924
Joye Lutton;9688;105;jluttonfm@timesonline.co.uk;354401182
Elfrida Roman;6420;64;eromanfn@washingtonpost.com;314665957
Gilda Ormston;3107;78;gormstonfo@pagesperso-orange.fr;515290250
Fionna Hughesdon;2118;95;fhughesdonfp@g.co;576062862
Felicia Crilly;4849;113;fcrillyfq@ca.gov;806794189
Marylou Ambrogini;3035;92;mambroginifr@wired.com;199016256
Renie Woolland;5630;141;rwoollandfs@comsenz.com;564767111
Issiah Scotney;8477;97;iscotneyft@deviantart.com;132172448
Husein Von Brook;7409;142;hvonfu@diigo.com;520666906
Andres Smewing;3849;124;asmewingfv@goo.ne.jp;653195647
Ibrahim Hambers;4099;70;ihambersfw@devhub.com;478441424
Nicoli Stormouth;3559;61;nstormouthfx@businessinsider.com;590759735
Onida Tolworthie;4727;38;otolworthiefy@pagesperso-orange.fr;177092325
Karna Wallbanks;1310;25;kwallbanksfz@creativecommons.org;326978732
Arch Easey;1379;147;aeaseyg0@gov.uk;674770845
Terrence Leahair;8440;109;tleahairg1@jimdo.com;764123090
Christina O'Scollain;4100;78;coscollaing2@lulu.com;499744326
Alick Cescoti;7334;75;acescotig3@goodreads.com;784535863
Inez Fletcher;2568;98;ifletcherg4@seattletimes.com;174980175
Marylinda Houseman;2049;112;mhousemang5@bravesites.com;219173621
Ainslie Fazackerley;9641;88;afazackerleyg6@godaddy.com;329256694
Cyndie Pinchin;5601;98;cpinching7@hao123.com;808322368
Phillipp Veregan;2499;79;pveregang8@ebay.com;881397016
Ellynn Good;4289;57;egoodg9@ehow.com;728645805
Steffie Bachanski;5391;127;sbachanskiga@google.de;576599397
Trixy Stuke;1817;53;tstukegb@apple.com;262144617
Gavan Stother;5077;128;gstothergc@phpbb.com;963711607
Nehemiah Busen;7985;32;nbusengd@4shared.com;926676523
Ros Rannells;4885;11;rrannellsge@pagesperso-orange.fr;251303355
Kareem Trusty;2357;26;ktrustygf@seesaa.net;411442672
Roddy Middas;6944;94;rmiddasgg@chronoengine.com;880691207
Maddy Emnoney;8809;63;memnoneygh@usa.gov;997326457
Clifford MacNeill;8650;89;cmacneillgi@myspace.com;138588085
Marrilee Moorman;7326;142;mmoormangj@lulu.com;143059217
Sharline Cockarill;8567;113;scockarillgk@about.me;615240674
Christabel Cyseley;1652;47;ccyseleygl@amazonaws.com;230466234
Ramsey Moulds;5578;75;rmouldsgm@state.gov;747146788
Cece Gaishson;5049;18;cgaishsongn@addthis.com;802646891
Aurea Grissett;8810;47;agrissettgo@google.com.au;918364750
Callida Crispe;2924;29;ccrispegp@apache.org;122700287
Francene MacNess;9978;141;fmacnessgq@hc360.com;652609820
Ludovico Stanier;5833;111;lstaniergr@state.gov;764687034
Elsbeth Ladloe;8857;83;eladloegs@dmoz.org;451084934
Miguel Vagg;3255;56;mvagggt@taobao.com;284080907
Bone Cristofari;9942;71;bcristofarigu@mit.edu;575670449
Ernestine Curedell;1473;86;ecuredellgv@nytimes.com;128806336
Dicky Neilly;7678;34;dneillygw@salon.com;752577856
Faunie Hallihane;9478;96;fhallihanegx@samsung.com;777488884
Marge Husher;4701;39;mhushergy@zimbio.com;890028892
Fredi Baraclough;7112;119;fbaracloughgz@drupal.org;539668590
Mort Sproston;2093;139;msprostonh0@harvard.edu;387580493
Allis Sainteau;8854;78;asainteauh1@globo.com;533673733
Melantha Hayzer;3788;68;mhayzerh2@mlb.com;130704878
Daryl Fronks;4723;55;dfronksh3@google.fr;118725811
Merline Laurenceau;5844;108;mlaurenceauh4@flavors.me;241324933
Richmound Jaffra;5974;88;rjaffrah5@toplist.cz;446224624
Dyann Tallow;1549;45;dtallowh6@sourceforge.net;524309111
Alberik Norsister;5719;70;anorsisterh7@storify.com;703501142
Gregorius Agglio;4349;65;gagglioh8@cmu.edu;947157619
Lexine Simla;9977;114;lsimlah9@about.me;853140595
Jillian Douty;6529;116;jdoutyha@mit.edu;362696360
Staffard Macknish;2398;132;smacknishhb@cafepress.com;192766463
Michal Barkley;5522;121;mbarkleyhc@cocolog-nifty.com;447154254
Ambros Haggis;4369;82;ahaggishd@intel.com;632273223
Vivyan Norwich;8123;126;vnorwichhe@wunderground.com;416223391
Angelita Nafziger;8505;36;anafzigerhf@cnbc.com;830300931
Torrance Kaines;1732;39;tkaineshg@xing.com;164553437
Donall Stading;9719;19;dstadinghh@zimbio.com;824804684
Michale Stut;6253;74;mstuthi@usda.gov;299567267
Tandi Stemp;2649;75;tstemphj@biblegateway.com;947745870
Tailor Pawelczyk;8649;49;tpawelczykhk@bluehost.com;272568371
Viviana Daal;4527;93;vdaalhl@wp.com;552970936
Genevieve Owbridge;3818;41;gowbridgehm@merriam-webster.com;289012362
Tina Gianettini;9706;118;tgianettinihn@examiner.com;456647102
Hanson Plumbley;9866;39;hplumbleyho@posterous.com;822412757
Codi Antognozzii;7865;37;cantognozziihp@1und1.de;168804905
Eleanora Harvison;6667;101;eharvisonhq@people.com.cn;132918262
Kerrin Pressnell;8691;12;kpressnellhr@diigo.com;896463178
Bride Huyghe;4509;80;bhuyghehs@facebook.com;649140352
Cris McVane;6698;30;cmcvaneht@soundcloud.com;496687439
Dagmar Double;9715;81;ddoublehu@alexa.com;996943862
Desi Benko;4996;14;dbenkohv@examiner.com;561935549
Faustine Robken;2414;103;frobkenhw@4shared.com;303139795
Allissa Rajchert;9577;138;arajcherthx@fc2.com;592444889
Kingston Chastan;2434;51;kchastanhy@pinterest.com;133213337
Celina Lathee;3315;102;clatheehz@dion.ne.jp;124765214
Carlynn Wallbanks;1796;66;cwallbanksi0@nifty.com;409803740
Faythe Flieg;3519;94;ffliegi1@opera.com;295692672
Doti MacCaughey;2510;122;dmaccaugheyi2@plala.or.jp;525694926
Brier Stienton;7295;129;bstientoni3@theatlantic.com;309742276
Jeniece Liverock;1220;130;jliverocki4@nsw.gov.au;886278861
Kirbie Croizier;5177;95;kcroizieri5@utexas.edu;566532859
Constance Anelay;6985;42;canelayi6@dion.ne.jp;437682844
Sisely Allanby;7765;127;sallanbyi7@nature.com;840857394
Abdel De Lasci;8442;27;adei8@virginia.edu;102071238
Roger Kerswell;8758;74;rkerswelli9@youtu.be;719011055
Myrta Skone;4605;22;mskoneia@google.com.br;949442940
Myron Pullinger;8007;22;mpullingerib@technorati.com;333514109
Fin Britian;6793;108;fbritianic@pagesperso-orange.fr;970925619
Boony Azema;8139;124;bazemaid@nymag.com;656983002
Ranice Squires;6538;66;rsquiresie@tuttocitta.it;234227307
Willdon Melby;4188;34;wmelbyif@usnews.com;338253486
Stevy Tucknutt;1379;83;stucknuttig@businessinsider.com;277714752
Hilliary Lowder;5934;68;hlowderih@arstechnica.com;410901049
Barbra Causley;9717;56;bcausleyii@ca.gov;344959948
Clifford Courtman;4902;132;ccourtmanij@tinypic.com;182448686
Audrye Coughtrey;9094;84;acoughtreyik@spotify.com;427889892
Isidro Oliver-Paull;9557;103;ioliverpaullil@alibaba.com;440037386
Rich Bunton;9333;123;rbuntonim@constantcontact.com;953057024
Cathee Robens;4652;107;crobensin@google.cn;342034727
Maddalena Marsie;4340;72;mmarsieio@com.com;504813284
Kathrine Trevaskus;8680;17;ktrevaskusip@wordpress.com;202090746
Robby Broom;1179;44;rbroomiq@stanford.edu;331344684
Brett Backe;9323;24;bbackeir@123-reg.co.uk;200479480
Marlowe Anten;4024;41;mantenis@icio.us;297002787
Mel Bartoli;2807;16;mbartoliit@meetup.com;514639390
Waylon Gilhool;7672;147;wgilhooliu@mac.com;249337033
Sterne Sutton;1333;49;ssuttoniv@salon.com;150736614
Hugibert Bruckner;7261;57;hbruckneriw@princeton.edu;859772522
Garner Vannet;7241;64;gvannetix@omniture.com;116808894
Laurens Jenman;8792;57;ljenmaniy@wsj.com;792466335
Staci Blazewicz;7832;122;sblazewicziz@chicagotribune.com;129845780
Norri Chamney;6296;147;nchamneyj0@google.ca;750480475
Dominic McGougan;1073;95;dmcgouganj1@google.com.hk;265538106
Jill Bradly;2294;140;jbradlyj2@fda.gov;760886859
Jaclyn Seekings;6055;33;jseekingsj3@amazon.de;294958813
Aida Loudian;1879;78;aloudianj4@weibo.com;987321690
Ed Bierman;4112;89;ebiermanj5@foxnews.com;503181167
Aileen Becerra;8547;50;abecerraj6@a8.net;397285262
Xymenes Hay;2934;62;xhayj7@gov.uk;878655000
Austine Igo;2293;48;aigoj8@pen.io;127714506
Susan Waddell;2769;86;swaddellj9@fotki.com;731618692
Kenny Blest;6361;141;kblestja@wikipedia.org;681421663
Ingelbert Dansken;6626;19;idanskenjb@state.tx.us;120245407
Artie Donnett;1374;88;adonnettjc@fastcompany.com;613148060
Tally Dimanche;8805;110;tdimanchejd@zimbio.com;678562625
Zoe Sedwick;4453;113;zsedwickje@technorati.com;349557091
Hewitt O'Regan;6315;39;horeganjf@biblegateway.com;973246671
Doll Schuchmacher;5513;40;dschuchmacherjg@tuttocitta.it;563643252
Gabriel Guittet;3198;24;gguittetjh@stumbleupon.com;899736525
Pacorro Pounds;8346;144;ppoundsji@zdnet.com;723438864
Harmon Gobat;2204;46;hgobatjj@taobao.com;706800414
Camel Durdle;3206;46;cdurdlejk@reuters.com;797260971
Theresita Blease;9754;27;tbleasejl@fastcompany.com;949336342
Ralf Klimentov;7716;96;rklimentovjm@si.edu;235658281
Tiler Olyff;7992;46;tolyffjn@ovh.net;934001039
Sutton Ortner;9867;31;sortnerjo@dagondesign.com;608661703
Jamison Caldera;7626;124;jcalderajp@netlog.com;203284236
Jordan Petasch;8447;58;jpetaschjq@technorati.com;694022296
Malia Grabb;6306;55;mgrabbjr@icq.com;318346536
Willy Jakeman;5903;36;wjakemanjs@t.co;491558618
Sylvia Paver;1801;122;spaverjt@printfriendly.com;655666408
Micaela Saw;1758;88;msawju@ehow.com;345830758
John Siddele;2161;33;jsiddelejv@fastcompany.com;897048458
Philomena Giacobbo;2621;68;pgiacobbojw@smh.com.au;729221817
Jarred Ludye;8255;44;jludyejx@friendfeed.com;679880901
Becky McClary;6964;55;bmcclaryjy@wired.com;342084646
Daisy Waterfield;9470;82;dwaterfieldjz@github.io;864151396
Annis Padgham;8893;47;apadghamk0@adobe.com;368700057
Burlie Cerith;3918;18;bcerithk1@who.int;467083346
Murielle Cluett;5976;124;mcluettk2@webeden.co.uk;304370642
Banky Francisco;4310;140;bfranciscok3@cyberchimps.com;657050963
Bobette Safell;9083;30;bsafellk4@hexun.com;538248162
Harli Benny;1774;52;hbennyk5@yahoo.co.jp;187074357
Gabriello Buston;8555;18;gbustonk6@oracle.com;335760582
Elisabet Harnetty;5025;27;eharnettyk7@adobe.com;266574274
Konstance Scougall;3388;123;kscougallk8@wisc.edu;263771567
Fremont Shergill;2426;117;fshergillk9@vinaora.com;803081012
Preston Goldup;9074;66;pgoldupka@uiuc.edu;967455747
April Poncet;6724;146;aponcetkb@mysql.com;557944924
Stevena Spatari;5271;88;sspatarikc@harvard.edu;773476785
Martelle Kiln;4280;15;mkilnkd@home.pl;726258999
Charlie Shrubb;8953;45;cshrubbke@usa.gov;349964503
Cati Kemmons;5168;53;ckemmonskf@bigcartel.com;493553835
Alvin Dowty;4188;68;adowtykg@clickbank.net;912689335
Reade McConaghy;7630;72;rmcconaghykh@archive.org;157265574
Morrie Simkiss;3961;101;msimkisski@mapy.cz;333692150
Lonee Belchambers;8629;126;lbelchamberskj@epa.gov;339594270
Broderick Gravenor;6611;118;bgravenorkk@gizmodo.com;739590245
Phillida Drepp;4491;116;pdreppkl@cloudflare.com;492144438
Nata de Chastelain;3317;116;ndekm@salon.com;644549439
Neron Djakovic;7448;36;ndjakovickn@soundcloud.com;392033269
Willey Bomfield;6266;86;wbomfieldko@upenn.edu;839087439
Jermaine Pfaffel;8218;129;jpfaffelkp@psu.edu;173306965
Early Wakes;4932;17;ewakeskq@ihg.com;955892112
Moishe Zannetti;5419;146;mzannettikr@freewebs.com;805552912
Lemmie Scane;6618;59;lscaneks@berkeley.edu;814630135
Cirillo Studders;7920;106;cstudderskt@deviantart.com;389980651
Kirstin Westnage;5676;133;kwestnageku@macromedia.com;549533462
Norby Urquhart;9645;39;nurquhartkv@cisco.com;979221933
Madalena Dawes;4885;24;mdaweskw@behance.net;407858579
Morty Betjeman;5343;94;mbetjemankx@merriam-webster.com;540534506
Wolfie Carrigan;8879;50;wcarriganky@youtu.be;630496073
Mickey Erington;7077;43;meringtonkz@cargocollective.com;526143712
Prinz Huxstep;6649;59;phuxstepl0@go.com;539605942
Jenilee Laviste;4991;66;jlavistel1@rediff.com;697397045
Noe Scouler;3179;18;nscoulerl2@liveinternet.ru;931919552
Nikoletta Murdy;7516;34;nmurdyl3@wix.com;571074917
Laverna Jocic;8091;73;ljocicl4@godaddy.com;160254583
Jules Horche;5707;24;jhorchel5@squarespace.com;524288014
Obadiah Uman;1289;38;oumanl6@businesswire.com;878950636
Milty Acedo;2835;32;macedol7@google.es;922634716
Brice Thominga;5701;71;bthomingal8@miibeian.gov.cn;955288740
Derry Angerstein;7390;140;dangersteinl9@ihg.com;368121715
Alfonse Arro;6328;17;aarrola@smh.com.au;676936616
Garret Oehm;5230;69;goehmlb@xinhuanet.com;880383691
Korella Larrad;4871;126;klarradlc@ycombinator.com;443019000
Petronille Tanby;6915;40;ptanbyld@theguardian.com;721331750
Delano Burnel;6370;147;dburnelle@posterous.com;374883150
Beverly Petruk;8467;57;bpetruklf@friendfeed.com;686530790
Imogene Glitherow;6570;33;iglitherowlg@cafepress.com;156597910
Marigold Sarge;2190;136;msargelh@cdc.gov;746440678
Cassie Sorrell;7502;119;csorrellli@accuweather.com;772668657
Cordelie Sanday;8665;12;csandaylj@skype.com;208309306
Ernie Penquet;5833;91;epenquetlk@archive.org;337831813
Wilona Van den Velden;7573;87;wvanll@sourceforge.net;839965126
Andee Hug;8226;64;ahuglm@com.com;264622689
Carney Caban;2183;117;ccabanln@topsy.com;693286827
Dode Hacquel;8470;104;dhacquello@photobucket.com;554361049
Ellwood Prinnett;9805;149;eprinnettlp@va.gov;373392042
Malia Rosenstein;6738;57;mrosensteinlq@irs.gov;359624287
Debbi Greenhall;6730;100;dgreenhalllr@w3.org;928254076
Vivienne Burfoot;4655;75;vburfootls@about.me;253166852
Cilka Sains;1725;75;csainslt@cmu.edu;920697032
Sharona Liver;9968;48;sliverlu@ebay.co.uk;365402318
Helen Gilley;1228;27;hgilleylv@phoca.cz;915467495
Kimberly Emanulsson;5834;16;kemanulssonlw@digg.com;602360775
Lyndell Torrijos;9196;106;ltorrijoslx@umn.edu;519522459
Fiorenze Dairton;1543;53;fdairtonly@walmart.com;302109750
Melisenda Jeffry;9695;144;mjeffrylz@sun.com;782697088
Leoine Pobjoy;4781;57;lpobjoym0@cocolog-nifty.com;149723989
Sofie Axton;5507;77;saxtonm1@altervista.org;819145805
Gabi Illston;8587;78;gillstonm2@naver.com;650861243
Earle Heinicke;3222;89;eheinickem3@163.com;154722723
Darda Roff;6518;38;droffm4@ucoz.ru;935667908
Forster Rowbottom;6913;28;frowbottomm5@slashdot.org;216579051
Tanitansy Erridge;1266;68;terridgem6@yale.edu;176199145
Stepha Aird;9888;39;sairdm7@mtv.com;459737601
Opalina Poleye;5016;140;opoleyem8@stumbleupon.com;918471260
Mozelle Rohloff;6594;35;mrohloffm9@xinhuanet.com;265988117
Kalil Hiddersley;9462;137;khiddersleyma@exblog.jp;372878340
Ardyce Comrie;3417;23;acomriemb@bloomberg.com;539480505
Keith Teggin;2522;141;ktegginmc@e-recht24.de;409449020
Matty Cloonan;1521;82;mcloonanmd@ibm.com;952266406
Willdon Morl;8743;85;wmorlme@fc2.com;322319806
Ryon Cubley;6803;78;rcubleymf@cmu.edu;983381817
Uri Jain;6959;77;ujainmg@ehow.com;260988671
Edouard Archanbault;8536;43;earchanbaultmh@sciencedirect.com;450789786
Dunn Edge;9326;143;dedgemi@jigsy.com;609697535
Charmine Antoszczyk;2027;126;cantoszczykmj@cdbaby.com;138549113
Bee Malcolm;1204;69;bmalcolmmk@google.com.hk;885455695
Karena Dongate;8645;147;kdongateml@wikispaces.com;523084909
Saudra Linskill;1904;130;slinskillmm@about.me;244288097
Lanie Tunniclisse;5781;140;ltunniclissemn@ovh.net;598010260
Jeremie Welbeck;9250;97;jwelbeckmo@altervista.org;806225290
Daveen Portman;4503;56;dportmanmp@hubpages.com;141579346
Artemis Woodwin;4019;68;awoodwinmq@google.de;226644745
Leslie Bestman;5174;67;lbestmanmr@mail.ru;540061967
Gillian Fennessy;8284;140;gfennessyms@walmart.com;297336843
Lamar Antoni;7443;62;lantonimt@latimes.com;669752981
Kylynn Anfossi;8097;128;kanfossimu@bloglovin.com;211033976
Roxanne Mulrooney;6126;36;rmulrooneymv@cpanel.net;132642183
Juliann Kyngdon;4307;21;jkyngdonmw@newyorker.com;485148129
Federico Barnish;7153;142;fbarnishmx@techcrunch.com;525234192
Myca Deer;8689;26;mdeermy@posterous.com;727695646
Hagen Birts;3781;115;hbirtsmz@imageshack.us;641840852
Martelle Durbyn;2708;44;mdurbynn0@narod.ru;570804518
Woodman Maffione;1180;120;wmaffionen1@prweb.com;342324852
Pepillo Panichelli;4439;30;ppanichellin2@ucsd.edu;742135695
Marylinda Ostrich;8271;123;mostrichn3@deliciousdays.com;358452609
Adah Cromar;2190;62;acromarn4@cafepress.com;717054542
Gilburt Disbrow;8587;70;gdisbrown5@npr.org;242938985
Karmen Melland;5172;78;kmellandn6@redcross.org;978080475
Bunnie Fayerbrother;3710;127;bfayerbrothern7@nhs.uk;907345000
Zorana Cavilla;3421;113;zcavillan8@cargocollective.com;285932130
Matthew Gutch;4662;107;mgutchn9@webs.com;866911554
Boote Tidd;1636;65;btiddna@yale.edu;721665665
Germayne Lumbly;4256;59;glumblynb@biglobe.ne.jp;487426876
Fran Aymeric;5388;65;faymericnc@buzzfeed.com;736058080
Kean Crudgington;6824;77;kcrudgingtonnd@furl.net;758270823
Rasla Capper;6262;57;rcapperne@phpbb.com;117015532
Ethelred Ketley;4162;63;eketleynf@sciencedirect.com;143716310
Bliss Grichukhin;2906;27;bgrichukhinng@webs.com;770108216
Ly Millington;8713;55;lmillingtonnh@chronoengine.com;388710657
Jere Kmieciak;5055;25;jkmieciakni@timesonline.co.uk;232886003
Rhody Romaines;9029;98;rromainesnj@ucla.edu;143146665
Benedetta Yakovliv;4695;57;byakovlivnk@free.fr;169765160
Fianna Eymor;4416;114;feymornl@yolasite.com;447882050
Rose Cornthwaite;8197;141;rcornthwaitenm@go.com;849614720
Kiley Yegorchenkov;2964;29;kyegorchenkovnn@google.nl;879241747
Bryce Logan;6871;67;bloganno@usa.gov;778531620
Corrine Tearle;5439;120;ctearlenp@posterous.com;882822599
Veronika Presdie;5117;30;vpresdienq@cafepress.com;114252239
Nobe Wagg;9620;51;nwaggnr@xing.com;922325051
Baily Kime;7157;96;bkimens@last.fm;348653642
Peg McWhannel;7222;134;pmcwhannelnt@yolasite.com;693896923
Ulla Manis;4539;58;umanisnu@lulu.com;370840528
Charmaine O'Brogan;3925;111;cobrogannv@cbsnews.com;512969282
Carlos Mizzen;7276;48;cmizzennw@stanford.edu;201819005
Shellysheldon De Cruze;3061;41;sdenx@bloglovin.com;656761111
Cordy Phizaclea;3740;80;cphizacleany@google.co.jp;491210951
Lilla Bulbrook;5039;55;lbulbrooknz@dion.ne.jp;747780088
Greggory Thurgood;1986;90;gthurgoodo0@trellian.com;423484618
Eve Finlason;2137;43;efinlasono1@bluehost.com;712730497
Charil Buscombe;7992;32;cbuscombeo2@patch.com;180606077
Tiphanie Hefner;7636;26;thefnero3@fc2.com;278423845
Sherlock Anster;4521;137;sanstero4@sourceforge.net;192299733
Regina Kuhnert;1962;19;rkuhnerto5@naver.com;915694446
Englebert Tabourel;4657;24;etabourelo6@boston.com;439040297
Elmore Joney;7347;143;ejoneyo7@trellian.com;500287158
Ariel Franceschi;3303;45;afranceschio8@sphinn.com;274850237
Nata Boswell;4366;130;nboswello9@sciencedaily.com;202442850
Lockwood Lagadu;6665;21;llagaduoa@chronoengine.com;148870966
Allison Kropp;8471;16;akroppob@elegantthemes.com;719000251
Angelita Fabri;9460;144;afabrioc@spiegel.de;328570596
Dot Jillins;1632;111;djillinsod@irs.gov;503662573
Leonardo Dymick;8542;77;ldymickoe@cpanel.net;549632061
Shawna Coyish;4994;74;scoyishof@ycombinator.com;893882077
Ephraim Rodolico;2460;93;erodolicoog@cloudflare.com;791465650
Angel O'Gorman;9458;85;aogormanoh@squidoo.com;595635923
Daron Dennerly;6477;58;ddennerlyoi@shinystat.com;277205775
Freida Livett;7596;45;flivettoj@marketwatch.com;305949428
Grace Witul;9694;66;gwitulok@springer.com;533323325
Frances McClarence;4572;91;fmcclarenceol@buzzfeed.com;512381924
Jeanna Tyrone;6741;141;jtyroneom@goodreads.com;791806724
Jessamine Davidowich;4747;95;jdavidowichon@amazonaws.com;683885436
Anabella Durman;6982;78;adurmanoo@adobe.com;132611273
Caren Blankman;6745;57;cblankmanop@mayoclinic.com;928355789
Dulcie Leigh;2679;71;dleighoq@hhs.gov;418452215
Maribeth Pechet;5240;34;mpechetor@sfgate.com;281210649
Dillie Stemson;7736;86;dstemsonos@mail.ru;293722653
Jock Guilleton;7395;125;jguilletonot@goodreads.com;860407368
Harp Stiven;9725;61;hstivenou@about.com;881140060
Ellyn Argontt;7542;98;eargonttov@creativecommons.org;114188617
Berna Karel;4531;21;bkarelow@ameblo.jp;540361929
Roger Easey;3433;41;reaseyox@sina.com.cn;717982049
Kacy Baudain;6494;21;kbaudainoy@europa.eu;514136298
Huey Marven;9175;119;hmarvenoz@ftc.gov;138490366
Charlie Spikeings;3974;56;cspikeingsp0@amazon.de;312616208
Brewster Earland;7631;108;bearlandp1@cisco.com;477831370
Silvia Milliken;4351;126;smillikenp2@yellowbook.com;294786752
Willy Blemings;1848;21;wblemingsp3@google.ru;799615123
Mei Haulkham;4274;34;mhaulkhamp4@topsy.com;196907500
Heinrick Wackly;4298;35;hwacklyp5@tumblr.com;474567779
Nell Bathersby;5146;120;nbathersbyp6@so-net.ne.jp;399246468
Xerxes Scriver;9835;102;xscriverp7@businessweek.com;350543153
Stanfield Leppingwell;7720;117;sleppingwellp8@marriott.com;639385304
Calv Spearman;2289;136;cspearmanp9@sourceforge.net;692616499
Randie Flanders;7014;85;rflanderspa@amazon.co.uk;384845034
Joelie Aldington;5474;94;jaldingtonpb@dyndns.org;160526596
Keslie Meugens;1971;19;kmeugenspc@amazon.de;669631036
Rhoda Halle;6034;64;rhallepd@hp.com;291744794
Hugibert McCleary;4318;41;hmcclearype@ycombinator.com;526917583
Rebekkah Kee;2290;40;rkeepf@squidoo.com;154972049
Johnnie Gofton;9236;96;jgoftonpg@tinypic.com;466933643
Alejandro Gerrens;8900;124;agerrensph@qq.com;335359109
Eveleen Delves;2946;72;edelvespi@whitehouse.gov;354234957
Bryana Digance;2426;134;bdigancepj@yandex.ru;352538655
Franny Dymocke;6343;100;fdymockepk@weibo.com;554586214
Ileana Barette;3021;40;ibarettepl@liveinternet.ru;198417728
Darrell Uren;3261;65;durenpm@typepad.com;401328208
Addie Kellington;1666;43;akellingtonpn@twitpic.com;188988736
Melisandra MacGahy;5079;67;mmacgahypo@mayoclinic.com;718870812
Care Dello;8714;146;cdellopp@1688.com;736382517
Kara Polon;9000;128;kpolonpq@freewebs.com;630607437
Gert Saxby;5470;119;gsaxbypr@google.fr;293597960
Bronny Bloan;8294;33;bbloanps@tmall.com;891069719
Hayyim Radeliffe;7666;47;hradeliffept@google.fr;676842504
Gabrielle Walbridge;2402;106;gwalbridgepu@sohu.com;413535455
Lenette McIver;4949;78;lmciverpv@123-reg.co.uk;905017956
Marcelline Broggelli;4529;140;mbroggellipw@privacy.gov.au;198022145
Juliet Baughan;2311;133;jbaughanpx@alexa.com;769356440
Mollee Salvidge;7795;69;msalvidgepy@china.com.cn;861101472
Saree Buttress;5353;89;sbuttresspz@washington.edu;639893106
Nevins Breeds;3383;112;nbreedsq0@nps.gov;404486867
Julie Daville;6221;98;jdavilleq1@amazonaws.com;380470051
Anthia Masterman;2784;107;amastermanq2@wiley.com;594909453
Eamon Neles;3810;119;enelesq3@devhub.com;131110810
Cordie Thraves;7153;83;cthravesq4@google.ca;751186948
Erna Vlasenko;4248;142;evlasenkoq5@buzzfeed.com;665492160
Janka Chapelhow;8685;18;jchapelhowq6@bbc.co.uk;182745492
Brina Praton;3021;140;bpratonq7@ca.gov;430616517
Lynea Siemandl;9660;54;lsiemandlq8@devhub.com;453753402
Henrik Macey;4386;134;hmaceyq9@nih.gov;390396178
Mauricio Handrick;5290;51;mhandrickqa@smh.com.au;466386285
Tynan Ramelet;8292;111;trameletqb@ucsd.edu;693324321
Hieronymus Isacsson;4405;21;hisacssonqc@biglobe.ne.jp;390926561
Vidovic Fluger;9354;22;vflugerqd@hp.com;176512494
Ambur Vasilov;1147;67;avasilovqe@blogtalkradio.com;325024155
Julina Gilbride;3598;29;jgilbrideqf@hostgator.com;408188166
Kit Cavil;1717;110;kcavilqg@intel.com;343331354
Gualterio Saffill;7444;133;gsaffillqh@ocn.ne.jp;195217520
Shel Borrows;7921;133;sborrowsqi@nsw.gov.au;271666541
Sheelah Regorz;6394;69;sregorzqj@slate.com;331241832
Fawnia D'Alesio;3541;11;fdalesioqk@yandex.ru;703001858
Lorne Meriel;5804;32;lmerielql@webs.com;410168884
Sammy Baiss;4657;95;sbaissqm@lulu.com;874156992
Shepperd Wildish;4414;103;swildishqn@cbsnews.com;438659617
Freddie Edgeon;3798;47;fedgeonqo@house.gov;685346270
Ofilia Burgh;4819;110;oburghqp@wikispaces.com;566598463
Coleman Puckring;7112;62;cpuckringqq@cyberchimps.com;368788374
Lise Farnaby;4359;111;lfarnabyqr@cyberchimps.com;844466547
Ailis Philcock;5587;11;aphilcockqs@jigsy.com;227379460
Jolyn Scales;9886;107;jscalesqt@joomla.org;748672682
Eustacia Frew;6872;125;efrewqu@who.int;400862911
Jody Holwell;6902;104;jholwellqv@over-blog.com;616551260
Barde Girardetti;7527;88;bgirardettiqw@ed.gov;723174475
Kessiah Antuk;3960;135;kantukqx@canalblog.com;333945589
Bucky Hestrop;5446;74;bhestropqy@cnet.com;404878681
Joelie Truscott;7623;69;jtruscottqz@unblog.fr;917389418
Brad Darrington;1195;75;bdarringtonr0@dot.gov;919518172
Rosalia Pering;1671;53;rperingr1@barnesandnoble.com;687040974
Gabbie Willshire;3572;55;gwillshirer2@smugmug.com;893377205
Chantalle Plak;6117;115;cplakr3@topsy.com;491102473
Lethia Brose;2460;52;lbroser4@mayoclinic.com;645594585
Wolfie Southern;2815;60;wsouthernr5@artisteer.com;962609955
Charmaine Matysik;7304;103;cmatysikr6@ed.gov;132163389
Keene Hawkswood;6266;44;khawkswoodr7@unc.edu;550708803
Gayla Waugh;3680;99;gwaughr8@printfriendly.com;973835876
Brett McAughtry;1894;92;bmcaughtryr9@live.com;359535954
Milka de Marco;8816;134;mdera@mozilla.com;746551754
Brett Thring;3457;126;bthringrb@e-recht24.de;306935510
Mahalia Bridgewood;4275;61;mbridgewoodrc@google.com.hk;105071661
Terrance Sandall;5389;137;tsandallrd@yandex.ru;781647149
Sollie Gleadhall;6137;128;sgleadhallre@bbc.co.uk;253111985
Hildy Morefield;4233;57;hmorefieldrf@gov.uk;491483732
Orville Roggeman;2280;98;oroggemanrg@quantcast.com;124550551
Thomasin Hritzko;5049;73;thritzkorh@paginegialle.it;524912063
Hermie Mulgrew;3612;39;hmulgrewri@privacy.gov.au;594901079
Harbert MacKissack;7638;55;hmackissackrj@angelfire.com;325823540
Ervin Jouannot;6048;72;ejouannotrk@foxnews.com;969385796
Nerti Krauss;9140;20;nkraussrl@github.io;454511287
Ania Bes;2564;36;abesrm@bluehost.com;687714255
Barbabas Ludgate;9155;21;bludgatern@google.com;150376443
Kayley Snar;4997;60;ksnarro@sfgate.com;903091624
Anet McElhargy;1139;42;amcelhargyrp@github.com;982502481
Debby Demicoli;7032;85;ddemicolirq@wired.com;263864980
Rikki Wegenen;9372;97;rwegenenrr@salon.com;995568710
